{
  "rung": "G2",
  "scope": "summit demo: T1-scene proxy relit live in Chrome with animated lights (E1), light linking + artist attenuation (E8), and the G1 toy moving-object panel; frame times measured under the committed interaction trace",
  "backend": "webgpu (Chrome, via Playwright)",
  "adapter": {
    "vendor": "apple",
    "architecture": "metal-3"
  },
  "resolution": [
    512,
    512
  ],
  "g1_panel_included": true,
  "g1_panel_parity_max_abs_diff": 4.76837158203125e-7,
  "trace": "webgpu/demo/trace.json",
  "timed_frames": 481,
  "frame_time_ms": {
    "mean": 26.744074844102727,
    "p50": 27.19999999552965,
    "p95": 30.69999999552965,
    "min": 21.80000000447035,
    "max": 35.399999998509884
  },
  "histogram": {
    "28-30ms": 139,
    "30-32ms": 38,
    "26-28ms": 130,
    "24-26ms": 46,
    "22-24ms": 116,
    "34-36ms": 8,
    "20-22ms": 3,
    "32-34ms": 1
  },
  "fps_mean": 37.391459821632516,
  "fps_p95": 32.57328990702326,
  "p95_limit_ms": 33,
  "meets_p95_33ms": true,
  "gate_samples": 12,
  "notes": [
    "Each timed frame: light-uniform + control-uniform upload, the 409k-param hashgrid proxy at 512^2, the G1 panel's base+residual composite at 32^2, and canvas presentation of all three panels (onSubmittedWorkDone, no readback).",
    "The interaction timeline drives light animation, a linking toggle, attenuation, and emission tint exactly as committed in trace.json."
  ],
  "frame_times_ms": [
    28.1,
    28.2,
    28.5,
    31,
    27.4,
    31.3,
    29.1,
    25.8,
    26.1,
    27.9,
    30,
    26.2,
    23.8,
    25.7,
    28.5,
    29,
    29.6,
    28.3,
    29.4,
    25.7,
    22.5,
    23,
    26.4,
    29.5,
    28.5,
    30,
    30.9,
    30.3,
    31.9,
    28.2,
    29.3,
    30.5,
    27,
    24.6,
    22.4,
    22.2,
    23,
    23,
    26.2,
    27.7,
    29.5,
    30.2,
    34.3,
    26.5,
    27.7,
    26.8,
    26.3,
    29.4,
    27.8,
    24,
    27.7,
    27.4,
    27.6,
    30.6,
    28.7,
    28.8,
    26.7,
    25.2,
    26.9,
    30.9,
    28.9,
    30.9,
    29.2,
    30.6,
    25,
    22,
    23.9,
    26.3,
    28.2,
    27.6,
    26,
    22.5,
    21.8,
    22.8,
    23,
    26.3,
    27.6,
    27.9,
    34.7,
    27.4,
    26.5,
    22.4,
    22.9,
    22.7,
    26.3,
    28.6,
    28.9,
    28.6,
    29.6,
    26.5,
    22.3,
    22.1,
    22.7,
    26.4,
    26.4,
    26.9,
    23.3,
    26.2,
    29.1,
    29.5,
    28.7,
    28.3,
    28.8,
    25.7,
    26.9,
    27.7,
    25.7,
    23.2,
    26.3,
    28.1,
    25.9,
    22.3,
    22.4,
    25.9,
    28.7,
    29.4,
    29.7,
    30,
    24.7,
    22.4,
    22.4,
    22.3,
    22.9,
    22.2,
    22.9,
    25.4,
    29.1,
    27.6,
    27.2,
    22.4,
    22.7,
    22.6,
    23.5,
    26.2,
    28.5,
    28.1,
    29.7,
    29.2,
    29.1,
    27.8,
    29,
    29.6,
    30,
    28.4,
    26.7,
    22.5,
    22.4,
    22.7,
    26.8,
    28.5,
    24.9,
    22.4,
    22.6,
    22.5,
    22.5,
    22.9,
    26.4,
    28.6,
    25.5,
    22.6,
    22.2,
    22.3,
    22.2,
    22.3,
    23.5,
    26.1,
    28.3,
    28.4,
    25.5,
    22.1,
    22.3,
    21.9,
    22.4,
    22.9,
    25.8,
    29.4,
    29.5,
    28.9,
    30,
    27.6,
    28.3,
    29.6,
    30.7,
    29.8,
    27.2,
    28.5,
    27.4,
    29,
    28.4,
    27.4,
    29.9,
    31.8,
    28.3,
    22.9,
    28.6,
    34.2,
    28.7,
    30.3,
    28,
    22.7,
    23.2,
    25.2,
    24.2,
    26.4,
    28,
    28.4,
    26.8,
    22.2,
    22.7,
    22.2,
    23.5,
    27.3,
    31,
    27.9,
    30.5,
    24.9,
    26.7,
    28.3,
    27.4,
    27.8,
    29.4,
    26.7,
    22.4,
    22.7,
    26.2,
    28.3,
    29.9,
    28.2,
    26.2,
    22.6,
    22.5,
    25.8,
    27.9,
    27.5,
    28.5,
    29.9,
    28.4,
    28.5,
    26,
    23.3,
    25.9,
    26.5,
    30.6,
    30.1,
    27.7,
    33.9,
    28.9,
    26.7,
    27.4,
    29.1,
    29,
    28.5,
    26.7,
    34.1,
    27.3,
    22.7,
    25.1,
    35.4,
    29,
    26.9,
    28.8,
    27.7,
    26.6,
    23.7,
    25.3,
    30.3,
    25.6,
    22.6,
    23.3,
    26.4,
    28.6,
    26.5,
    22.9,
    26.3,
    27.6,
    26.9,
    22.6,
    26.7,
    26.6,
    27.3,
    31,
    31.8,
    28,
    28.2,
    29.7,
    31.2,
    27.5,
    30.7,
    30.6,
    28.9,
    29.9,
    25.7,
    23.5,
    26.4,
    30,
    29.7,
    27,
    34.5,
    27.8,
    27.9,
    24.9,
    25.4,
    28.1,
    28.4,
    25.5,
    26.2,
    29.2,
    28.8,
    25.7,
    26,
    27.7,
    27.9,
    29.6,
    28.4,
    26,
    22.2,
    22.7,
    22.9,
    25.9,
    28.7,
    25.9,
    23.5,
    26.2,
    28.4,
    28.7,
    30.9,
    28.4,
    26,
    22.5,
    21.9,
    23.7,
    26.7,
    27.9,
    31,
    29.7,
    27.7,
    29.4,
    26.6,
    22.3,
    22.4,
    22.6,
    27.1,
    27.3,
    28.8,
    29.5,
    25.9,
    22.4,
    23.1,
    25.2,
    29.1,
    26.7,
    35.4,
    28.4,
    26.9,
    22.6,
    23.4,
    26.3,
    28.3,
    29.6,
    30.3,
    28.9,
    28.8,
    26.2,
    30.8,
    35.2,
    29.4,
    26.6,
    27.2,
    27.4,
    29.8,
    26.6,
    26.2,
    28.2,
    26.1,
    22.8,
    22.6,
    22.6,
    22.3,
    22.9,
    25.1,
    29,
    26.1,
    22.8,
    22.5,
    22.1,
    22.4,
    22.2,
    22.8,
    25.7,
    29.1,
    27.7,
    29.4,
    26.7,
    27.2,
    28.5,
    27.6,
    29.9,
    29.8,
    30.2,
    28.8,
    29.7,
    27.9,
    29.2,
    29.2,
    29.1,
    28.9,
    28.7,
    29.5,
    26.6,
    27.4,
    27.2,
    29,
    28.5,
    26.7,
    22.6,
    22.5,
    22.4,
    23,
    26.9,
    27.8,
    29,
    25.6,
    22.6,
    22.9,
    22.5,
    23,
    26.5,
    28.9,
    25.7,
    22.6,
    22.3,
    23.7,
    25.8,
    28.9,
    30,
    27.9,
    28.4,
    30.3,
    29.7,
    29.4,
    27.3,
    27.2,
    25.2,
    29.7,
    25.7,
    22.4,
    22.3,
    22.8,
    25.9,
    28.4,
    29,
    28.9,
    26,
    22.9,
    22.7,
    23.5,
    25.7,
    30,
    28.2,
    27.9,
    26.1,
    22.3,
    22.1,
    22.5,
    22.6,
    27.2,
    27.9,
    28.6,
    28.8,
    29.9,
    25.5,
    22.5,
    25,
    26.2,
    28.3,
    27.9,
    26.2,
    23.8,
    25.9,
    28.1,
    26.3
  ]
}
