{
  "rung": "T4",
  "scope": "runtime baseline lock: exported T1-scene proxy (hashgrid in WGSL) in real Chrome",
  "backend": "webgpu (Chrome, via Playwright)",
  "model": "out/kitchen-512-torch/model.pt",
  "parameter_count": 409189,
  "mlp_dims": [
    31,
    128,
    128,
    128,
    128,
    3
  ],
  "parity_tolerance": 0.0002,
  "adapter_vendor": "apple",
  "adapter_architecture": "metal-3",
  "parity_vs_pytorch_max_abs_diff": 0.0000012218952178955078,
  "parity_resolution": [
    512,
    512
  ],
  "latency_sweep": [
    {
      "resolution": [
        128,
        128
      ],
      "timed_frames": 200,
      "mean_ms": 2.1815000000596045,
      "p50_ms": 2,
      "p95_ms": 3.099999964237213,
      "min_ms": 1.7999999523162842,
      "max_ms": 5.199999988079071,
      "fps_mean": 458.4001833475486,
      "fps_p95": 322.58064888270417,
      "meets_30_fps_p95": true,
      "meets_60_fps_p95": true,
      "frame_times_ms": [
        2.1,
        2.2,
        2.1,
        2.6,
        2,
        2,
        1.8,
        2,
        2,
        2.1,
        2.1,
        2.5,
        2.1,
        2,
        2,
        2,
        1.9,
        2,
        2,
        1.9,
        2,
        1.9,
        2,
        1.9,
        1.9,
        1.9,
        2,
        2,
        2,
        1.9,
        2,
        2.1,
        3.2,
        2.1,
        2.1,
        1.9,
        2.1,
        2,
        2,
        2,
        4.3,
        2.2,
        2.9,
        2.2,
        2.2,
        2.3,
        3.4,
        2.2,
        2,
        2,
        2.1,
        2.2,
        2,
        1.9,
        1.9,
        2,
        1.9,
        2.2,
        2,
        2,
        1.9,
        1.9,
        1.9,
        1.8,
        2,
        2,
        3,
        2.1,
        1.9,
        2.7,
        2.1,
        1.9,
        2,
        2.5,
        2,
        2,
        1.9,
        1.9,
        2,
        2,
        1.9,
        2.7,
        2.2,
        2.6,
        2.4,
        3.1,
        2.1,
        2,
        2.1,
        1.9,
        1.9,
        1.9,
        2,
        1.9,
        2.1,
        2,
        2.1,
        1.9,
        1.9,
        2,
        2,
        3,
        2,
        2,
        2.6,
        2.1,
        2.1,
        2,
        2.7,
        2.1,
        2,
        2,
        2,
        2.5,
        2,
        2.1,
        3.2,
        2.1,
        2,
        2,
        2,
        2,
        2,
        2,
        2.9,
        2,
        2,
        1.9,
        1.9,
        1.9,
        2,
        2,
        2,
        1.9,
        2.2,
        1.9,
        3.1,
        2.2,
        2.1,
        2.7,
        2,
        2,
        1.9,
        2,
        2,
        1.9,
        2,
        2,
        2.1,
        2.7,
        5.2,
        2.4,
        2,
        2.7,
        2.2,
        2.2,
        2,
        1.9,
        1.9,
        2.1,
        2.1,
        2.8,
        3,
        2.1,
        2.1,
        1.9,
        1.9,
        2.5,
        2.6,
        2.2,
        2,
        2.1,
        2.4,
        2.2,
        2,
        2.1,
        3.1,
        2.5,
        2,
        2.6,
        2.7,
        2,
        1.9,
        4,
        4,
        1.9,
        2.1,
        2,
        1.9,
        2,
        1.9,
        2,
        2.1,
        2.7,
        2.1,
        2.1,
        2,
        1.9,
        1.9,
        2
      ]
    },
    {
      "resolution": [
        256,
        256
      ],
      "timed_frames": 200,
      "mean_ms": 6.023500000834465,
      "p50_ms": 5.800000011920929,
      "p95_ms": 7,
      "min_ms": 5.300000011920929,
      "max_ms": 10.100000023841858,
      "fps_mean": 166.01643560412802,
      "fps_p95": 142.85714285714286,
      "meets_30_fps_p95": true,
      "meets_60_fps_p95": true,
      "frame_times_ms": [
        5.4,
        5.5,
        6.2,
        6.7,
        7.1,
        7.4,
        5.4,
        6.3,
        5.7,
        5.5,
        6.7,
        7,
        6.4,
        5.7,
        6.6,
        6.5,
        6.7,
        5.7,
        5.8,
        6.4,
        6.1,
        6.2,
        5.7,
        5.6,
        5.6,
        5.4,
        5.8,
        5.5,
        6.5,
        5.4,
        5.4,
        5.8,
        6.9,
        5.9,
        5.9,
        6.4,
        6.7,
        5.8,
        5.9,
        5.6,
        6.8,
        6.8,
        5.6,
        5.6,
        5.5,
        5.3,
        5.5,
        6.8,
        6.1,
        7.2,
        7,
        6.6,
        6,
        6.1,
        6.2,
        5.8,
        5.8,
        5.9,
        5.7,
        5.7,
        5.8,
        6.1,
        5.8,
        5.7,
        5.7,
        5.4,
        5.6,
        6.6,
        5.5,
        5.3,
        5.5,
        6.4,
        5.6,
        5.5,
        5.7,
        6.6,
        6.7,
        5.6,
        5.7,
        5.5,
        5.7,
        6.2,
        5.7,
        5.6,
        6.7,
        5.6,
        6.1,
        5.8,
        5.7,
        6.3,
        5.6,
        5.6,
        5.6,
        5.5,
        5.6,
        5.6,
        5.5,
        5.5,
        5.7,
        5.8,
        6.7,
        5.5,
        6.5,
        6,
        6.9,
        6.6,
        6.8,
        5.7,
        5.5,
        6.4,
        6.8,
        6.7,
        5.7,
        6.8,
        5.9,
        7.1,
        5.7,
        7.1,
        6.5,
        5.5,
        5.7,
        6.7,
        5.7,
        6,
        6.9,
        5.9,
        6.8,
        5.7,
        5.7,
        6.7,
        5.6,
        5.5,
        5.6,
        5.6,
        5.4,
        5.5,
        5.3,
        5.6,
        6.3,
        5.7,
        6.7,
        6,
        5.6,
        6.8,
        5.9,
        7,
        5.6,
        5.6,
        5.5,
        5.6,
        5.4,
        5.5,
        6.1,
        6.5,
        5.7,
        5.7,
        5.8,
        6.8,
        5.8,
        5.6,
        5.6,
        7,
        5.6,
        5.4,
        6.4,
        5.6,
        5.5,
        6.2,
        5.7,
        5.5,
        6.2,
        5.9,
        5.8,
        6.1,
        5.6,
        5.4,
        5.5,
        7.1,
        6.5,
        5.6,
        5.6,
        6.3,
        5.9,
        6.7,
        6.8,
        6.6,
        6.4,
        5.8,
        6.2,
        5.6,
        6.2,
        6.5,
        6.7,
        5.5,
        5.4,
        6.1,
        5.6,
        5.6,
        6.9,
        10.1
      ]
    },
    {
      "resolution": [
        512,
        512
      ],
      "timed_frames": 200,
      "mean_ms": 21.413000000119208,
      "p50_ms": 21.299999952316284,
      "p95_ms": 23.100000023841858,
      "min_ms": 19.5,
      "max_ms": 27.19999998807907,
      "fps_mean": 46.70060243751146,
      "fps_p95": 43.29004324536299,
      "meets_30_fps_p95": true,
      "meets_60_fps_p95": false,