{
  "rung": "T4",
  "scope": "runtime baseline lock: exported T1-scene proxy (hashgrid in WGSL) in real Chrome",
  "backend": "webgpu (Chrome, via Playwright)",
  "model": "out/kitchen-512-torch/model.pt",
  "parameter_count": 409189,
  "mlp_dims": [
    31,
    128,
    128,
    128,
    128,
    3
  ],
  "parity_tolerance": 0.0002,
  "adapter_vendor": "apple",
  "adapter_architecture": "metal-3",
  "parity_vs_pytorch_max_abs_diff": 0.0000012218952178955078,
  "parity_resolution": [
    512,
    512
  ],
  "latency_sweep": [
    {
      "resolution": [
        128,
        128
      ],
      "timed_frames": 200,
      "mean_ms": 2.1085000000009315,
      "p50_ms": 2,
      "p95_ms": 2.900000000372529,
      "min_ms": 1.8999999994412065,
      "max_ms": 4.5,
      "fps_mean": 474.2708086315192,
      "fps_p95": 344.8275861626006,
      "meets_30_fps_p95": true,
      "meets_60_fps_p95": true,
      "frame_times_ms": [
        2,
        2.1,
        2.1,
        2.1,
        2.1,
        2,
        2.1,
        2,
        2,
        2.1,
        2,
        2,
        2,
        2,
        2.1,
        2.2,
        2,
        2,
        2,
        2,
        2,
        1.9,
        1.9,
        2,
        2,
        2,
        2.1,
        2.2,
        2.2,
        2,
        2.1,
        2,
        3.7,
        2.2,
        2,
        2,
        2.2,
        1.9,
        2.2,
        3,
        4.5,
        2.2,
        2,
        1.9,
        2,
        2.1,
        2,
        2,
        2.1,
        2,
        2,
        2,
        2,
        2,
        1.9,
        1.9,
        2,
        2.3,
        2,
        2,
        2,
        1.9,
        2,
        1.9,
        2,
        2,
        2,
        2,
        2,
        2.3,
        2,
        2,
        2,
        1.9,
        2,
        2,
        2,
        2,
        2,
        2,
        2.1,
        2,
        2.1,
        1.9,
        2,
        1.9,
        2.2,
        2,
        2.2,
        2,
        2.1,
        2.9,
        2.6,
        1.9,
        2.1,
        1.9,
        2,
        2.1,
        2.1,
        2,
        2,
        2,
        3.1,
        3.7,
        2.1,
        1.9,
        2.1,
        1.9,
        2.2,
        2,
        2,
        1.9,
        2.1,
        2,
        1.9,
        2,
        1.9,
        2,
        2,
        1.9,
        2,
        2.1,
        2,
        2,
        1.9,
        2.1,
        2,
        2,
        1.9,
        2,
        2,
        1.9,
        2,
        2,
        2.1,
        1.9,
        2,
        2.1,
        2,
        2,
        2,
        1.9,
        2.7,
        1.9,
        1.9,
        2,
        2.1,
        3.7,
        2.2,
        2.9,
        2.1,
        2,
        2.2,
        3,
        3.8,
        2.2,
        2,
        2,
        2,
        1.9,
        2,
        2.1,
        2,
        2.1,
        2,
        2,
        2.3,
        2.1,
        1.9,
        2,
        2,
        2,
        2.1,
        2,
        1.9,
        2,
        2,
        2,
        2.1,
        2,
        2.1,
        2,
        2.1,
        2,
        2,
        2,
        2.1,
        2,
        1.9,
        1.9,
        2,
        2.1,
        2.4,
        2,
        2,
        2,
        2.4,
        3.2,
        2.1,
        2.1
      ]
    },
    {
      "resolution": [
        256,
        256
      ],
      "timed_frames": 200,
      "mean_ms": 6.065500000012107,
      "p50_ms": 5.7000000001862645,
      "p95_ms": 7.599999999627471,
      "min_ms": 5.3999999994412065,
      "max_ms": 11,
      "fps_mean": 164.8668700021439,
      "fps_p95": 131.57894737487067,
      "meets_30_fps_p95": true,
      "meets_60_fps_p95": true,
      "frame_times_ms": [
        5.7,
        5.5,
        5.6,
        5.7,
        5.5,
        5.8,
        5.7,
        7.6,
        5.9,
        6.7,
        7.6,
        5.7,
        5.8,
        5.7,
        5.9,
        5.6,
        6.9,
        5.7,
        5.6,
        5.5,
        5.7,
        5.6,
        5.6,
        5.7,
        7.1,
        5.6,
        6.8,
        6.3,
        5.7,
        10.9,
        6.9,
        6.9,
        5.8,
        5.6,
        5.7,
        5.5,
        5.6,
        5.6,
        5.7,
        5.7,
        5.6,
        5.8,
        6.8,
        7.4,
        5.8,
        5.5,
        5.5,
        10.8,
        6,
        5.7,
        5.8,
        5.7,
        5.5,
        5.7,
        5.5,
        5.9,
        5.7,
        5.6,
        5.4,
        5.7,
        5.6,
        6.9,
        5.8,
        6.8,
        7.2,
        5.5,
        5.6,
        6.3,
        5.8,
        5.8,
        6,
        5.6,
        6.9,
        5.8,
        6.7,
        7.9,
        5.7,
        5.6,
        5.7,
        5.5,
        6.5,
        8.1,
        5.7,
        6.9,
        5.7,
        5.6,
        5.7,
        5.9,
        5.9,
        5.8,
        5.9,
        6.4,
        5.9,
        6,
        6.2,
        6,
        5.6,
        6.7,
        5.8,
        5.8,
        7.5,
        6.3,
        5.7,
        5.5,
        5.6,
        5.5,
        5.6,
        5.7,
        6.2,
        6.1,
        6.8,
        5.6,
        6.8,
        5.8,
        6.1,
        6,
        7.4,
        6.3,
        7,
        7.5,
        6,
        6,
        6,
        6,
        6.1,
        6.1,
        6,
        5.9,
        6,
        5.9,
        5.9,
        5.9,
        5.8,
        6,
        6.1,
        7.9,
        6.3,
        7.7,
        6,
        6,
        5.8,
        5.9,
        5.7,
        5.9,
        5.7,
        5.6,
        5.5,
        5.5,
        5.7,
        5.5,
        5.6,
        5.6,
        5.6,
        5.5,
        6.4,
        7.6,
        5.8,
        6.8,
        5.7,
        5.6,
        5.5,
        5.6,
        5.6,
        5.7,
        5.6,
        5.5,
        5.6,
        5.6,
        5.5,
        5.5,
        5.7,
        5.7,
        5.6,
        7.3,
        5.8,
        5.7,
        6.8,
        7.5,
        6,
        5.6,
        5.5,
        5.5,
        5.4,
        5.5,
        5.6,
        5.5,
        5.5,
        5.6,
        5.5,
        5.5,
        5.6,
        5.8,
        8.2,
        5.7,
        5.6,
        5.6,
        11,
        6.5,
        5.6,
        5.5
      ]
    },
    {
      "resolution": [
        512,
        512
      ],
      "timed_frames": 200,
      "mean_ms": 20.85300000000745,
      "p50_ms": 20.5,
      "p95_ms": 23.09999999962747,
      "min_ms": 19.5,
      "max_ms": 23.90000000037253,
      "fps_mean": 47.95473073416979,
      "fps_p95": 43.29004329074142,
      "meets_30_fps_p95": true,
      "meets_60_fps_p95": false,