{
  "steps": 500,
  "lr": 0.05,
  "seed": 0,
  "art_direction_target_rgb": {
    "key": [
      4.5,
      3.5,
      2.5
    ],
    "fill": [
      0.6,
      0.8,
      1.8
    ],
    "rim": [
      0.8,
      1.2,
      2.5
    ],
    "window": [
      2.5,
      2.0,
      1.2
    ],
    "ceiling_panel": [
      1.0,
      1.0,
      1.0
    ],
    "practical": [
      3.5,
      2.0,
      0.5
    ]
  },
  "neutral_guess_rgb": [
    1.0,
    1.0,
    1.0
  ],
  "proxy_loss_first": 0.00249394285492599,
  "proxy_loss_last": 5.806939373798059e-09,
  "proxy_loss_curve": [
    0.00249394285492599,
    0.0013669151812791824,
    0.0007282150909304619,
    0.00043008432839997113,
    0.00028525927336886525,
    0.00019394252740312368,
    0.00013069472333882004,
    8.962761057773605e-05,
    6.361363921314478e-05,
    4.6626286348327994e-05,
    3.515056596370414e-05,
    2.710250555537641e-05,
    2.123397462128196e-05,
    1.682407128100749e-05,
    1.3431952538667247e-05,
    1.0776210729090963e-05,
    8.67209291754989e-06,
    6.992057024035603e-06,
    5.644129032589262e-06,
    4.559525677905185e-06,
    3.6852500215900363e-06,
    2.97976475849282e-06,
    2.4100556856865296e-06,
    1.949760189745575e-06,
    1.5777274029460386e-06,
    1.276932721339108e-06,
    1.0336760851714644e-06,
    8.368972999051039e-07,
    6.776720624657173e-07,
    5.487922294378222e-07,
    4.444425485417014e-07,
    3.599290323563764e-07,
    2.9146028168725024e-07,
    2.3597270626396494e-07,
    1.9099495318641857e-07,
    1.545323158325118e-07,
    1.2496775525505655e-07,
    1.0099703473542831e-07,
    8.156439434969798e-08,
    6.581471012623297e-08,
    5.305330219584903e-08,
    4.271976550285217e-08,
    3.435678763707983e-08,
    2.759371930949328e-08,
    2.2129420074179507e-08,
    1.7719175460229053e-08,
    1.4163423323054758e-08,
    1.130101523472149e-08,
    9.000129530534196e-09,
    7.153202030707462e-09
  ],
  "proxy_vs_target_psnr_db": 82.37939189669257,
  "proxy_vs_target_ssim": 0.9999997608343768,
  "convergence_gate": {
    "tier": "draft",
    "thresholds": {
      "psnr_db_min": 30.0,
      "ssim_min": 0.9,
      "flip_max": 0.08
    },
    "metrics": {
      "psnr_db": {
        "value": 82.37939565064829,
        "threshold": 30.0,
        "sense": "min",
        "verdict": "pass"
      },
      "ssim": {
        "value": 0.9999997608341791,
        "threshold": 0.9,
        "sense": "min",
        "verdict": "pass"
      },
      "flip": {
        "value": 0.0015432647948446765,
        "threshold": 0.08,
        "sense": "max",
        "verdict": "pass"
      }
    },
    "metrics_evaluated": 3,
    "passed": true,
    "verdict": "pass at draft tier",
    "evaluation_seconds": 0.15623658400727436,
    "display_metric_preprocess": "Reinhard tonemap + sRGB before SSIM/FLIP",
    "tier_requested": "draft"
  },
  "convergence_gate_fallback": null,
  "convergence_gate_used_fallback": false,
  "wall_clock_seconds": 1475.8649000419828,
  "reload_identical": true,
  "slider_loop": {
    "n_adjustments": 10,
    "latency_ms": [
      747.7170420170296,
      762.288666999666,
      737.6113329955842,
      759.3447499966715,
      761.8455000047106,
      734.9010420148261,
      729.3737499858253,
      720.6246250134427,
      726.1439580179285,
      707.8674589865841
    ],
    "latency_ms_mean": 738.7718126032269,
    "latency_ms_p95": 762.0892418519361
  },
  "recovered_rgbs": {
    "key": [
      4.491363525390625,
      3.4994850158691406,
      2.4999501705169678
    ],
    "fill": [
      0.5998235940933228,
      0.7999798059463501,
      1.7999918460845947
    ],
    "rim": [
      0.796877920627594,
      1.1996947526931763,
      2.49989652633667
    ],
    "window": [
      2.494593620300293,
      1.9996665716171265,
      1.1999715566635132
    ],
    "ceiling_panel": [
      1.037655234336853,
      1.0026495456695557,
      1.0003859996795654
    ],
    "practical": [
      1.0089311599731445,
      1.0068846940994263,
      1.0040076971054077
    ]
  },
  "colorable_light_raw_output_magnitude": {
    "key": {
      "mean": 0.026946792379021645,
      "max": 1.4556833505630493
    },
    "fill": {
      "mean": 0.015473440289497375,
      "max": 1.2950308322906494
    },
    "rim": {
      "mean": 0.006399722769856453,
      "max": 1.1025245189666748
    },
    "window": {
      "mean": 0.00805407389998436,
      "max": 0.9233778119087219
    },
    "ceiling_panel": {
      "mean": 0.0044118482619524,
      "max": 0.3848559856414795
    },
    "practical": {
      "mean": 9.3143084356484e-09,
      "max": 1.5921024214549107e-06
    }
  },
  "recovery_caveats": [],
  "hardware": {
    "platform": "macOS-27.0-arm64-arm-64bit",
    "torch_num_threads": 8
  },
  "files": {
    "recovered_rig": "recovered_rig.json",
    "target": "target.npy"
  }
}